
DROP TABLE EMP;
CREATE TABLE EMP(
    EMPNO NUMBER(4), 
    ENAME VARCHAR2(10), 
    JOB VARCHAR2(9),
    MGR NUMBER(4), 
    HIREDATE DATE, 
    SAL NUMBER(7,2), 
    COMM NUMBER(7,2),
    DEPTNO NUMBER(2)
);

DROP TABLE DEPT;
CREATE TABLE DEPT(
    DEPTNO NUMBER(2), 
    DNAME VARCHAR2(14) , 
    LOC VARCHAR2(13)
) ;

DROP TABLE BONUS;
CREATE TABLE BONUS(
    ENAME VARCHAR2(10), 
    JOB VARCHAR2(9), 
    SAL NUMBER, 
    COMM NUMBER
);

DROP TABLE SALGRADE;
CREATE TABLE SALGRADE(
    GRADE NUMBER, 
    LOSAL NUMBER, 
    HISAL NUMBER
);

INSERT INTO DEPT VALUES(10,'ACCOUNTING','NEW YORK');
INSERT INTO DEPT VALUES(20,'REASEARCH','DALLAS');
INSERT INTO DEPT VALUES(30,'SALES','CHICAGO');
INSERT INTO DEPT VALUES(40,'OPERATIONS','BOSTON');

INSERT INTO EMP VALUES(7369,'SMITH','CLERK',7902,to_date('1980:12:17
00:00:00','YYYY:MM:DD HH24:MI:SS'),800,NULL,20);
INSERT INTO EMP VALUES(7499,'ALLEN','SALESMAN',7698,to_date('1981:02:20
00:00:00','YYYY:MM:DD HH24:MI:SS'),1600,300,30);
INSERT INTO EMP VALUES(7521,'WARD','SALESMAN',7698,to_date('1981:02:22
00:00:00','YYYY:MM:DD HH24:MI:SS'),1250,500,30);
INSERT INTO EMP VALUES(7566,'JONES','MANAGER',7839,to_date('1981:04:02
00:00:00','YYYY:MM:DD HH24:MI:SS'),2975,NULL,20);
INSERT INTO EMP VALUES(7654,'MARTIN','SALESMAN',7698,to_date('1981:09:28
00:00:00','YYYY:MM:DD HH24:MI:SS'),1250,1400,30);
INSERT INTO EMP VALUES(7698,'BLAKE','MANAGER',7839,to_date('1981:05:01
00:00:00','YYYY:MM:DD HH24:MI:SS'),2850,NULL,30);
INSERT INTO EMP VALUES(7782,'CLARK','MANAGER',7839,to_date('1981:06:09
00:00:00','YYYY:MM:DD HH24:MI:SS'),2450,NULL,10);
INSERT INTO EMP VALUES(7788,'SCOTT','ANALYST',7566,to_date('1987:07:13
00:00:00','YYYY:MM:DD HH24:MI:SS'),3000,NULL,20);
INSERT INTO EMP VALUES(7839,'KING','PRESIDENT',NULL,to_date('1981:11:17
00:00:00','YYYY:MM:DD HH24:MI:SS'),5000,NULL,10);
INSERT INTO EMP VALUES(7844,'TURNER','SALESMAN',7698,to_date('1981:09:08
00:00:00','YYYY:MM:DD HH24:MI:SS'),1500,0,30);
INSERT INTO EMP VALUES(7876,'ADAMS','CLERK',7788,to_date('1987:07:13
00:00:00','YYYY:MM:DD HH24:MI:SS'),1100,NULL,20);
INSERT INTO EMP VALUES(7900,'JAMES','CLERK',7698,to_date('1981:12:03
00:00:00','YYYY:MM:DD HH24:MI:SS'),950,NULL,30);
INSERT INTO EMP VALUES(7902,'FORD','ANALYST',7566,to_date('1981:12:03
00:00:00','YYYY:MM:DD HH24:MI:SS'),3000,NULL,20);
INSERT INTO EMP VALUES(7934,'MILLER','CLERK',7782,to_date('1982:01:23
00:00:00','YYYY:MM:DD HH24:MI:SS'),1300,NULL,10);


INSERT INTO SALGRADE VALUES (1,700,1200);
INSERT INTO SALGRADE VALUES (2,1201,1400);
INSERT INTO SALGRADE VALUES (3,1401,2000);
INSERT INTO SALGRADE VALUES (4,2001,3000);
INSERT INTO SALGRADE VALUES (5,3001,9999);

